TWT3,RHOB3,PWAVE3
-921.26,1.844900012,124.7873993
-921.78,1.831699967,125.9662018
-922.28,1.814700007,127.4792023
-922.78,1.839300036,125.2834015
-923.27,1.86590004,122.9163971
-923.77,1.930999994,117.1214981
-924.27,1.941200018,116.2209015
-924.77,1.988800049,111.9812012
-925.27,2.010299921,110.0627976
-925.76,2.147399902,97.86049652
-926.26,2.465699911,69.52600098
-926.77,2.288399935,85.30809784
-927.29,2.1401999,98.50669861
-927.81,1.979799986,112.7802963
-928.32,1.93780005,116.5192032
-928.82,1.990700007,111.8139038
-929.27,1.95510006,114.9774017
-929.72,1.886199951,121.1127014
-930.15,1.790400028,129.642807
-930.56,1.74240005,133.9156952
-930.89,1.804399967,128.3905029
-931.03,1.995300055,111.4000015
-931.3,2.10619998,101.5286026
-932.09,1.957599998,114.7558975
-933.01,1.994799972,111.4485016
-933.94,1.970399976,113.6158981
-934.85,2.031599999,108.1712036
-935.78,2.062799931,105.3907013
-936.75,2.1401999,98.49880219
-937.77,2.069299936,104.8159027
-938.82,2.082999945,103.5916977
-939.84,2.186100006,94.41490173
-940.74,2.114200115,100.8124008
-941.58,1.767699957,131.6575928
-942.51,1.900599957,119.834198
-943.41,1.977100015,113.0178986
-944.33,2.135900021,98.88690186
-945.21,2.160900116,96.66369629
-946.08,2.192399979,93.85510254
-946.9,2.14350009,98.207901
-947.76,2.107399941,101.419899
-948.61,2.045799971,106.9051971
-949.4,2.112499952,100.9638977
-950.24,2.062999964,105.3712997
-951.25,2.200000048,93.17849731
-951.85,2.164000034,96.38059998
-952.38,2.134900093,98.97530365
-952.81,2.166300058,96.1812973
-953.23,2.153000116,97.36129761
-953.64,1.947900057,115.6202011
-954.07,1.941499949,116.1901016
-954.52,2.114700079,100.7759018
-955,1.988899946,111.9732971
-955.45,1.988000035,112.0468979
-955.93,2.118099928,100.4692001
-956.33,2.108400106,101.3305969
-956.74,2.129400015,99.46640015
-957.18,2.004899979,110.5503998
-957.6,1.998600006,111.1044006
-958.02,2.062799931,105.3914032
-958.57,2.19659996,93.47979736
-959.11,2.076499939,104.1738968
-959.56,2.066200018,105.091301
-960.08,2.046299934,106.8640976
-960.6,2.094700098,102.5495987
-961.05,2.1171,100.5619965
-961.5,2.052599907,106.3035965
-961.96,2.108500004,101.3233032
-962.48,2.079400063,103.9176025
-963.01,2.082600117,103.6316986
-963.5,2.113800049,100.8544006
-963.92,2.008100033,110.2638016
-964.4,1.974900007,113.2180023
-964.89,2.072900057,104.4922028
-965.39,2.146800041,97.91339874
-965.87,2.273699999,86.61599731
-966.33,2.194000006,93.71080017
-966.82,2.083899975,103.512001
-967.29,2.142400026,98.30840302
-967.77,2.08920002,103.0418015
-968.25,2.073800087,104.4096985
-968.71,2.021800041,109.0409012
-969.24,1.952499986,115.2145996
-969.78,2.014400005,109.7043991
-970.26,2.105499983,101.5939026
-970.71,2.03640008,107.7412033
-971.08,2.161000013,96.64959717
-971.72,2.107800007,101.3842011
-972.66,1.920099974,118.096199
-973.57,2.011600018,109.9525986
-974.51,2.004400015,110.5926971
-975.46,2.137700081,98.72570038
-976.45,2.190599918,94.01689911
-977.47,2.162400007,96.52210236
-978.45,2.100300074,102.0542984
-979.39,2.052700043,106.2919998
-980.36,2.114599943,100.7845001
-981.26,2.157399893,96.97160339
-982.19,2.133300066,99.12010193
-983.23,2.121700048,100.1507034
-984.22,2.151499987,97.49780273
-985.21,2.154700041,97.21089935
-986.12,2.069099903,104.8358994
-987,2.075900078,104.228302
-987.9,2.133899927,99.06169891
-988.84,2.210400105,92.25450134
-989.8,2.131799936,99.25379944
-990.73,2.125999928,99.76629639
-991.65,2.22239995,91.18840027
-992.63,2.17140007,95.72779846
-993.61,2.122699976,100.0598984
-994.57,2.071099997,104.6533966
-995.53,1.975200057,113.1909027
-996.54,2.075799942,104.2332001
-997.55,2.103600025,101.7578964
-998.52,2.154099941,97.26200104
-999.45,2.102299929,101.8796997
-1000.42,2.097800016,102.2741013
-1001.4,2.104599953,101.6729965
-1002.32,2.157299995,96.97840118
-1003.27,2.196899891,93.4559021
-1004.25,2.177400112,95.1867981
-1005.26,2.099299908,102.1455994
-1006.33,2.024699926,108.7846985
-1007.33,2.153899908,97.28700256
-1008.32,2.208400011,92.42790222
-1009.29,2.129800081,99.43180084
-1010.28,2.067899942,104.9376984
-1011.25,2.126499891,99.72239685
-1011.79,2.159300089,96.79949951
-1012.26,2.137799978,98.71459961
-1012.71,2.138299942,98.6740036
-1013.18,2.113199949,100.9084015
-1013.69,2.047899962,106.7204971
-1014.24,2.150899887,97.55130005
-1014.72,2.179699898,94.98570252
-1015.16,2.153100014,97.35040283
-1015.65,2.131099939,99.30909729
-1016.18,2.058099985,105.8070984
-1016.68,2.046099901,106.8756027
-1017.15,2.068799973,104.8551025
-1017.64,2.065299988,105.1689987
-1018.12,2.124599934,99.89459992
-1018.62,2.075099945,104.3009033
-1019.16,2.118299961,100.449501
-1019.64,2.074700117,104.3287964
-1020.11,2.132400036,99.19709778
-1020.58,2.091599941,102.8312988
-1021.07,2.110100031,101.1776962
-1021.58,2.086199999,103.3132019
-1022.07,2.12409997,99.93119812
-1022.55,2.043100119,107.1434021
-1023.03,2.053900003,106.1869965
-1023.47,2.069600105,104.7869034
-1023.95,2.114300013,100.8117981
-1024.4,2.145100117,98.06700134
-1024.87,1.997099996,111.2415009
-1025.31,2.071500063,104.6222
-1025.78,2.177700043,95.16390228
-1026.23,2.065299988,105.1729965
-1026.7,2.081500053,103.7244034
-1027.14,2.171200037,95.74629974
-1027.64,2.247800112,88.92150116
-1028.12,2.309299946,83.4477005
-1028.6,2.220999956,91.30889893
-1029.05,2.221999884,91.21790314
-1029.49,2.153300047,97.33300018
-1030.01,1.991799951,111.7156982
-1030.48,2.111099958,101.0908966
-1030.9,2.063299894,105.3452988
-1031.47,2.063699961,105.3130035
-1032.42,2.084800005,103.436203
-1033.32,2.11590004,100.6641007
-1034.17,2.137599945,98.72940064
-1034.99,2.094500065,102.5725021
-1035.86,2.071099997,104.649498
-1036.73,2.109299898,101.254303
-1037.64,2.125799894,99.78029633
-1038.65,2.14989996,97.63480377
-1039.58,2.159199953,96.81030273
-1040.54,2.157599926,96.95050049
-1041.51,2.121000052,100.2116013
-1042.46,2.142100096,98.33029938
-1043.39,2.09710002,102.3376999
-1044.31,2.033799887,107.972702
-1045.25,2.056299925,105.9681015
-1046.21,2.130700111,99.34539795
-1047.15,2.077500105,104.0804977
-1048.07,2.20630002,92.61820221
-1048.98,2.15960002,96.77929688
-1049.89,2.161099911,96.64189911
-1050.8,2.129699945,99.43640137
-1051.51,2.041399956,107.2991028
-1051.99,2.069200039,104.8215027
-1052.49,2.166500092,96.16220093
-1053.03,2.200200081,93.15969849
-1053.56,2.17840004,95.10359955
-1054.04,2.114799976,100.7614975
-1054.55,2.111900091,101.0240021
-1054.99,2.152499914,97.40850067
-1055.46,2.190500021,94.02310181
-1055.92,2.3204,82.46430206
-1056.4,2.317399979,82.73229981
-1056.94,2.229599953,90.54519653
-1057.46,2.300899983,84.19909668
-1057.92,2.186199904,94.40570068
-1058.36,2.219599962,91.4315033
-1058.82,2.208800077,92.39350128
-1059.31,2.165600061,96.24549866
-1059.8,2.050199986,106.5130997
-1060.27,2.178600073,95.08599854
-1060.72,2.22480011,90.96980286
-1061.09,2.330699921,81.54679871
-1061.74,2.389100075,76.34449768
-1062.73,2.30250001,84.0562973
-1063.69,2.401400089,75.2492981
-1064.71,2.355900049,79.29869843
-1065.71,2.391599894,76.12069702
-1066.71,2.351700068,79.6772995
-1067.75,2.40350008,75.06210327
-1068.85,2.425499916,73.10600281
-1069.87,2.359200001,79.00700378
-1070.87,2.480099917,68.24539948
-1071.8,2.471899986,68.97460175
-1072.71,2.424400091,73.20210266
-1073.66,2.456199884,70.37139893
-1074.55,2.400700092,75.31140137
-1075.47,2.401000023,75.28230286
-1076.37,2.264300108,87.45639801
-1077.3,2.010499954,110.0502014
-1078.19,2.044800043,106.9909973
-1079.07,2.078900099,103.9605026
-1079.99,2.094099999,102.6041031
-1080.84,2.292399883,84.95339966
-1081.43,2.503000021,66.20709992
-1081.76,2.319000006,82.58380127
-1082.07,2.161299944,96.62180328
-1082.42,2.206599951,92.59079742
-1082.76,2.41140008,74.36489868
-1083.19,2.261100054,87.73989868
-1083.76,2.209700108,92.31620026
-1084.32,2.119100094,100.3843994
-1084.85,2.055999994,105.9996033
-1085.37,2.074300051,104.3711014
-1085.78,2.19630003,93.51100159
-1086.07,2.408600092,74.60990143
-1086.46,2.110800028,101.1175995
-1086.95,1.959300041,114.6057968
-1087.41,2.048300028,106.6812973
-1087.75,2.142699957,98.28359985
-1088.17,1.99150002,111.7385025
-1088.63,2.159199953,96.81269836
-1089.14,2.151299954,97.51380158
-1089.69,2.25819993,88.00170136
-1090.22,2.358400106,79.08119965
-1090.69,2.230499983,90.46340179
-1091.03,2.271600008,86.80220032
-1091.71,2.235899925,89.98300171
-1092.65,2.256700039,88.13009644
-1093.54,2.236000061,89.97019959
-1094.38,2.155400038,97.14820099
-1095.3,2.167599917,96.05960083
-1096.13,2.134500027,99.01360321
-1096.96,2.004699945,110.5625
-1097.72,2.003400087,110.6763001
-1098.43,2.145400047,98.04329681
-1099.22,2.098700047,102.1967011
-1099.98,2.070899963,104.6690979
-1100.76,2.125999928,99.77059937
-1101.53,2.163100004,96.46089935
-1102.31,2.201100111,93.07900238
-1103.14,2.274399996,86.55319977
-1103.94,2.295399904,84.68659973
-1104.77,2.338000059,80.89790344
-1105.63,2.055500031,106.043602
-1106.42,2.148600102,97.75469971
-1107.13,2.184700012,94.54149628
-1107.86,1.982800007,112.512001
-1108.61,2.110300064,101.1654968
-1109.33,2.140700102,98.46060181
-1110.03,2.217200041,91.64929962
-1110.52,2.246599913,89.03250122
-1110.76,2.306400061,83.70829773
-1110.99,2.398499966,75.50849915
-1111.2,2.363399983,78.63279724
-1111.57,2.369100094,78.12509918
-1111.89,2.404999971,74.92720032
-1112.18,2.413800001,74.14859772
-1112.6,2.399399996,75.4285965
-1112.94,2.298000097,84.45629883
-1113.26,2.263900042,87.49510193
-1113.54,2.258500099,87.97460175
-1113.8,2.154700041,97.2161026
-1114.02,2.112499952,100.9669037
-1114.19,2.102999926,101.8100967
-1114.38,2.100199938,102.0622025
-1114.57,2.094799995,102.5445023
-1114.74,2.088200092,103.1345978
-1114.9,2.103499889,101.7684021
-1115.07,2.161200047,96.63480377
-1115.3,2.245800018,89.10520172
-1115.55,2.229300022,90.57089996
-1115.81,2.160900116,96.66359711
-1116.12,2.103399992,101.7789002
-1116.46,2.105400085,101.5968018
-1116.8,2.100899935,102.0038986
-1117.16,2.072999954,104.4869003
-1117.87,2.203000069,92.90840149
-1118.61,2.08949995,103.0140991
-1119.33,2.087800026,103.1673966
-1120.02,2.180399895,94.92759705
-1120.67,2.152199984,97.43540192
-1121.32,2.194600105,93.66429901
-1122.01,2.095400095,102.4924011
-1122.74,2.006900072,110.3723984
-1123.46,2.108599901,101.3124008
-1124.19,2.114300013,100.8047028
-1124.93,2.191999912,93.88819885
-1125.6,2.230900049,90.42649841
-1126.34,2.156899929,97.01580048
-1127.07,2.2421,89.42819977
-1127.81,2.197599888,93.38999939
-1128.62,2.114900112,100.7585983
-1129.41,2.083499908,103.5490036
-1130.24,2.178999901,95.04979706
-1131.12,2.176800013,95.24700165
-1131.93,2.287800074,85.36759949
-1132.74,2.281899929,85.89289856
-1133.51,2.378400087,77.29759979
-1134.25,2.390100002,76.25859833
-1135.03,2.390799999,76.19380188
-1135.42,2.406699896,74.78340149
-1135.83,2.247699976,88.93699646
-1136.28,2.421099901,73.50119782
-1136.75,2.387300015,76.5089035
-1137.16,2.349400044,79.8809967
-1137.58,2.218300104,91.55190277
-1137.93,2.260999918,87.74960327
-1138.28,2.384500027,76.75669861
-1138.58,2.231100082,90.41010284
-1138.87,2.119899988,100.3125
-1139.16,2.342499971,80.49150085
-1139.44,2.324399948,82.10959625
-1139.82,2.35649991,79.24369812
-1140.09,2.390100002,76.25350189
-1140.38,2.35710001,79.19589996
-1140.7,2.237900019,89.80400085
-1141.09,2.230000019,90.51010132
-1141.45,2.364000082,78.57949829
-1141.75,2.354700089,79.40709686
-1142.13,2.269900084,86.96109772
-1142.58,2.250099897,88.71659851
-1142.9,2.283900023,85.70870209
-1143.23,2.402899981,75.11849976
-1143.54,2.316800118,82.78579712
-1143.83,2.365499973,78.4464035
-1144.15,2.307399988,83.61740112
-1144.81,2.184499979,94.5625
-1145.5,2.139400005,98.57299805
-1146.1,2.131900072,99.23889923
-1146.71,2.188800097,94.18019867
-1147.38,2.290600061,85.11730194
-1148.09,2.305999994,83.74220276
-1148.85,2.336800098,81.00520325
-1149.6,2.35890007,79.03620148
-1150.42,2.368499994,78.18319702
-1151.21,2.387099981,76.52829742
-1152.04,2.363199949,78.65149689
-1152.94,2.273900032,86.59780121
-1153.86,2.302700043,84.03659821
-1154.79,2.308099985,83.55729675
-1155.68,2.433599949,72.38469696
-1156.52,2.479599953,68.28910065
-1157.35,2.4921,67.18109894
-1158.15,2.368000031,78.22270203
-1158.95,2.490400076,67.32679749
-1159.74,2.465199947,69.57499695
-1160.52,2.246500015,89.04109955
-1161.31,2.333499908,81.29810333
-1162.16,2.08739996,103.1988983
-1162.99,2.320800066,82.42649841
-1163.81,2.230700016,90.44629669
-1164.57,1.887500048,121.0000992
-1165.29,1.919199944,118.1789017
-1166.01,2.036099911,107.7706986
-1166.8,2.000999928,110.8953018
-1167.51,2.322400093,82.27950287
-1168.01,2.271199942,86.83709717
-1168.62,2.23149991,90.37660217
-1169.18,2.342200041,80.51660156
-1169.89,2.167500019,96.07299805
-1170.45,1.990300059,111.8422012
-1171.08,1.965600014,114.0423966
-1171.9,1.965899944,114.020401
-1172.7,2.223400116,91.09790039
-1173.44,2.045799971,106.9023972
-1174.19,2.10010004,102.0727005
-1174.76,2.464600086,69.62770081
-1175.36,2.046099901,106.8814011
-1175.98,1.933500052,116.905098
-1176.53,1.958600044,114.6709976
-1177.19,1.815500021,127.4085007
-1177.95,1.900599957,119.8322983
-1178.73,1.727900028,135.2028046
-1179.51,1.870100021,122.5440979
-1180.13,1.938899994,116.4261017
-1180.9,1.756800056,132.6302948
-1181.7,1.764400005,131.9566956
-1182.28,1.821499944,126.867897
-1183.11,1.88530004,121.1960983
-1184,2.001600027,110.8406982
-1184.88,1.670699954,140.294693
-1185.84,1.854500055,123.9376984
-1186.76,1.776000023,130.9199982
-1187.77,1.951500058,115.3035965
-1188.66,2.083699942,103.5337982
-1189.43,2.33739996,80.94730377
-1190.31,2.195199966,93.60420227
-1191.19,2.25699997,88.10849762
-1192.04,2.265399933,87.3565979
-1193.33,1.943099976,116.0509033
-1194.56,2.017699957,109.4101028
-1195.98,2.047699928,106.7350006
-1197.3,2.182600021,94.72389984
-1198.66,2.125200033,99.83799744
-1199.92,2.04189992,107.2530975
-1201.1,2.021500111,109.0650024
-1202.13,2.02579999,108.6893997
-1202.81,2.124300003,99.91600037
-1203.32,2.353199959,79.53839874
-1203.83,2.360699892,78.8769989
-1204.52,2.106899977,101.4654007
-1205.17,1.985100031,112.3100967
-1205.8,1.990499973,111.8252029
-1206.36,1.84679997,124.6229019
-1206.95,1.843500018,124.911499
-1207.59,1.84070003,125.1647034
-1208.23,1.484699965,156.8527069
-1208.88,1.773499966,131.1450043
-1209.47,1.91050005,118.9521027
-1209.93,1.934399962,116.8255997
-1210.38,1.88380003,121.3228989
-1210.98,2.036299944,107.7479019
-1211.65,1.907600045,119.2076035
-1212.31,2.004499912,110.5832977
-1213.06,1.879799962,121.6784973
-1213.79,1.912999988,118.7238998
-1214.51,1.931399941,117.0915985
-1215.44,1.888900042,120.8725967
-1216.21,1.835999966,125.5792999
-1216.91,1.860800028,123.3721008
-1217.6,1.982800007,112.5146027
-1218.3,1.797000051,129.0523987
-1218.74,1.991299987,111.759697
-1219.25,2.000999928,110.892601
-1219.7,1.975000024,113.2116013
-1220.22,2.048399925,106.6707993
-1220.72,2.003999949,110.6280975
-1221.21,1.904299974,119.4974976
-1221.73,1.996199966,111.3238983
-1222.29,2.095799923,102.4582977
-1223.12,1.917099953,118.3662033
-1223.9,1.980399966,112.7273026
-1224.78,1.973899961,113.3099976
-1225.56,1.985499978,112.2771988
-1226.33,1.934800029,116.7856979
-1227.11,1.871799946,122.3986969
-1227.85,2.010799885,110.0252991
-1228.62,1.857900024,123.6351013
-1229.44,2.157200098,96.98560333
-1230.21,1.892400026,120.5607987
-1230.93,1.91079998,118.9197998
-1231.74,1.848799944,124.4432983
-1232.52,2.024699926,108.7838974
-1233.31,1.965399981,114.0590973
-1234.09,2.063999891,105.2845993
-1234.89,2.085900068,103.3315964
-1235.74,2.059400082,105.6912994
-1236.5,1.942700028,116.0871964
-1237.35,1.92990005,117.2216034
-1238.03,1.925699949,117.596199
-1238.86,2.031100035,108.2171021
-1239.52,2.055999994,105.9985962
-1240.07,2.026900053,108.5904007
-1240.51,2.063499928,105.3327026
-1241.01,2.041500092,107.2912979
-1241.46,1.871999979,122.373703
-1241.89,1.96360004,114.2241974
-1242.35,2.066499949,105.0631027
-1242.87,2.098500013,102.2108994
-1243.4,2.289599896,85.20240021
-1243.93,2.171299934,95.73210144
-1244.4,2.21449995,91.88500214
-1244.85,2.161600113,96.59420013
-1245.32,2.141200066,98.41480255
-1245.77,2.175800085,95.33399963
-1246.23,2.436700106,72.11209869
-1246.8,2.250099897,88.72200012
-1247.3,2.158799887,96.84490204
-1247.76,2.214600086,91.87609863
-1248.66,2.178200007,95.12249756
-1249.53,2.309600115,83.42500305
-1250.47,2.09100008,102.8854981
-1251.39,2.103600025,101.7564011
-1252.33,2.140700102,98.45559692
-1253.29,2.142800093,98.26789856
-1254.22,2.1243999,99.90910339
-1255.01,2.152299881,97.42960358
-1255.9,2.109699965,101.2145004
-1256.85,2.108200073,101.3497009
-1257.76,2.109499931,101.2369003
-1258.69,1.932100058,117.0298004
-1259.55,2.070300102,104.7275009
-1260.54,2.06949997,104.7996979
-1261.51,2.084399939,103.4667969
-1262.47,2.277199984,86.30509949
-1263.43,2.085700035,103.3525009
-1264.39,2.031199932,108.2026978
-1265.34,2.252199888,88.53220367
-1266.26,2.0618999,105.476799
-1266.68,2.040600061,107.3671036
-1267.09,2.071799994,104.5942993
-1267.59,2.043900013,107.0718002
-1268.02,2.020100117,109.1925964
-1268.45,2.120800018,100.2303009
-1268.87,1.939299941,116.3841019
-1269.18,1.92719996,117.4617004
-1269.6,2.191999912,93.89050293
-1270.05,2.1329,99.15650177
-1270.37,2.095099926,102.5180969
-1270.81,1.838199973,125.3862
-1271.25,1.901800036,119.723999
-1271.68,1.981099963,112.6651001
-1272.13,1.751999974,133.0626984
-1272.58,1.853899956,123.9865036
-1272.98,1.969400048,113.7090988
-1273.49,1.947499991,115.6548004
-1274,2.014800072,109.6681976
-1274.36,2.012000084,109.9113998
-1274.77,2.073999882,104.3955994
-1275.24,2.03489995,107.8751984
-1275.86,1.957000017,114.8072968
-1276.46,1.879699945,121.6949005
-1277.11,2.284699917,85.63590241
-1277.86,2.353699923,79.49369812
-1278.55,2.405100107,74.92019653
-1279.17,2.298399925,84.41739655
-1279.81,1.7852,130.0993042
-1280.4,1.839699984,125.2520981
-1281,1.810700059,127.8355026
-1281.56,1.986299992,112.2061005
-1282.15,1.991899967,111.7052994
-1282.77,2.066099882,105.0955963
-1283.45,2.257999897,88.01709747
-1283.89,2.111200094,101.0800018
-1284.28,1.894000053,120.4145966
-1284.65,1.920300007,118.0764999
-1285.08,2.232500076,90.28530121
-1285.81,2.272500038,86.7276001
-1286.62,2.244600058,89.21130371
-1287.57,1.888200045,120.9384995
-1288.41,1.614099979,145.3336029
-1289.25,1.976400018,113.0848007
-1290.05,1.828799963,126.2229996
-1290.74,2.145900011,97.99829865
-1291.51,1.863000035,123.1776962
-1292.41,1.851300001,124.2237015
-1293.29,1.965299964,114.0739975
-1294,1.949000001,115.5199966
-1294.67,1.891899943,120.6031036
-1295.37,1.74119997,134.0171051
-1296.27,2.011199951,109.989502
-1297.36,2.010400057,110.0593033
-1298.74,1.983500004,112.4479981
-1300.24,1.9727,113.4108963
-1301.56,1.815999985,127.3620987
-1303.04,1.958400011,114.6869965
-1304.53,1.941599965,116.183403
-1305.95,1.892400026,120.5596008
-1307.39,1.868700028,122.6700974
-1308.33,1.893300057,120.4766998
-1308.97,1.903699994,119.5514984
-1309.46,1.919899941,118.115799
-1309.95,1.785300016,130.0960999
-1310.45,1.938300014,116.4732971
-1310.96,1.9375,116.5501022
-1311.56,1.647300005,142.3764038
-1312.07,1.916300058,118.4371033
-1312.6,1.67110002,140.2635956
-1313.16,1.609400034,145.756897
-1313.73,1.741299987,134.0119934
-1314.28,1.799000025,128.8748932
-1314.83,1.815199971,127.4343033
-1315.37,1.708500028,136.9342041
-1315.99,1.682299972,139.2664948
-1316.52,1.72329998,135.6148987
-1317.05,1.719200015,135.9815064
-1317.74,1.845600009,124.7270966
-1318.29,1.836599946,125.5301971
-1318.97,1.866600037,122.8587036
-1319.7,1.701599956,137.5446014
-1320.84,1.801699996,128.6358948
-1322.03,2.016000032,109.555603
-1323.21,1.920799971,118.0286026
-1324.46,1.944800019,115.9003983
-1325.71,1.873200059,122.2662964
-1326.95,1.838799954,125.3332977
-1328.18,1.563199997,149.8697968
-1329.35,1.636399984,143.3522034
-1330.52,1.693500042,138.2664032
-1331.67,1.845199943,124.759903
-1332.91,1.843400002,124.9237976
-1334.1,1.786299944,130.0041046
-1335.06,1.826400042,126.4364014
-1336.01,1.735700011,134.5092011
-1336.98,1.875699997,122.0470963
-1338.01,1.836400032,125.5485992
-1339.06,1.743000031,133.8636932
-1340.34,1.866799951,122.8422012
-1341.2,2.134200096,99.03980255
-1341.92,2.27519989,86.48829651
-1342.54,2.248399973,88.87329865
-1343.17,2.163100004,96.46360016
-1343.83,2.138099909,98.69210053
-1344.47,2.101799965,101.9199982
-1345.16,2.048599958,106.6536026
-1345.76,1.914700031,118.5752029
-1346.39,2.023200035,108.9162979
-1347.08,2.01760006,109.4143982
-1347.69,1.890699983,120.7104034
-1348.15,2.061800003,105.4817963
-1348.52,1.895099998,120.3239975
-1348.91,1.993499994,111.558197
-1349.35,1.96360004,114.2212982
-1349.81,2.096199989,102.4151993
-1350.28,1.949100018,115.5142975
-1350.79,1.934800029,116.7873001
-1351.37,1.840600014,125.1707001
-1352.32,2.00970006,110.1165009
-1353.39,2.019299984,109.2603989
-1354.54,1.880900025,121.5878983
-1355.59,1.858500004,123.5787964
-1356.73,2.066600084,105.0533981
-1357.82,1.842300057,125.017601
-1358.93,1.889199972,120.8420029
-1359.95,1.926900029,117.4912033
-1361.07,1.90110004,119.7827988
-1362.19,1.74000001,134.123703
-1363.36,1.930899978,117.1302033
-1364.44,2.026599884,108.6126022
-1365.51,2.013600111,109.7693024
-1366.67,1.978800058,112.873497
-1367.83,1.718199968,136.0686951
-1368.88,1.821099997,126.906601
-1370.05,2.031100035,108.2104034
-1371.2,1.856099963,123.7914963
-1372.3,2.017699957,109.4035034
-1372.87,2.038500071,107.555397
-1373.49,1.912400007,118.7825012
-1374,1.941699982,116.1736984
-1374.45,1.957599998,114.7593994
-1374.91,1.9648,114.1168976
-1375.39,1.854200006,123.9580994
-1376.02,2.040199995,107.4001007
-1376.59,2.224400044,91.00340271
-1377.04,1.947100043,115.6914978
-1377.59,1.754299998,132.855896
-1378.05,1.89470005,120.3569031
-1378.5,1.9454,115.8399963
-1379.01,1.96420002,114.1729965
-1379.36,1.915400028,118.517601
-1379.69,1.934399962,116.8199005
-1380.02,1.938699961,116.4350967
-1380.41,1.881000042,121.5782013
-1380.68,1.99940002,111.0326004
-1380.85,2.244999886,89.17220306
-1381.17,2.236099958,89.96980286
-1381.64,2.221999884,91.21910095
-1382.08,2.243099928,89.34149933
-1382.63,2.263600111,87.51619721
-1383.17,2.236999989,89.88459778
-1383.74,2.199399948,93.23419952
-1384.29,2.325900078,81.97380066
-1384.85,2.356400013,79.25260162
-1385.43,2.334199905,81.23090363
-1385.95,2.341500044,80.58599854
-1386.33,2.359400034,78.99079895
-1386.71,2.255199909,88.26560211
-1387.09,2.357800007,79.13639832
-1387.47,2.304800034,83.85140228
-1387.83,2.215500116,91.79740143
-1388.21,2.241100073,89.52290344
-1388.61,2.251699925,88.5746994
-1388.94,2.307300091,83.63159943
-1389.25,2.27489996,86.51190186
-1389.58,2.296700001,84.56890106
-1389.89,2.387000084,76.53450012
-1390.24,2.350699902,79.76869965
-1391.11,2.280299902,86.03109741
-1391.92,2.271399975,86.82499695
-1392.77,2.26970005,86.97350311
-1393.66,2.227600098,90.72350311
-1394.54,2.117899895,100.4854965
-1395.41,2.114099979,100.8242035
-1396.26,2.196700096,93.47460175
-1397.12,2.14380002,98.18260193
-1397.96,2.043499947,107.1102982
-1398.76,2.197499991,93.40080261
-1399.57,2.170799971,95.77549744
-1400.43,2.288500071,85.30169678
-1401.29,2.420300007,73.56500244
-1402.16,2.175699949,95.3463974
-1403.05,2.125799894,99.78769684
-1404,2.130700111,99.34529877
-1404.95,2.150399923,97.5931015
-1405.86,2.014100075,109.7265015
-1406.79,1.975800037,113.1371002
-1407.79,2.042299986,107.2145004
-1408.44,2.043400049,107.1223984
-1408.83,2.006900072,110.3644028
-1409.15,2.078399897,104.0047989
-1409.39,2.028399944,108.4552002
-1409.78,2.028899908,108.4067001
-1410.19,2.022300005,108.9972992
-1410.6,2.068099976,104.9209976
-1411.01,2.228300095,90.65950012
-1411.48,2.053299904,106.2399979
-1411.99,2.080499888,103.8123016
-1412.45,1.939900041,116.3322983
-1412.91,2.053600073,106.211998
-1413.4,2.074199915,104.3768997
-1413.84,2.00909996,110.1729965
-1414.31,2.074500084,104.3503037
-1414.78,2.019099951,109.2815018
-1415.26,2.073600054,104.4283981
-1415.7,2.016900063,109.4781036
-1416.06,2.010099888,110.0819016
-1416.52,1.883399963,121.3606033
-1417.24,2.246700048,89.01860046
-1418.04,2.196500063,93.49420166
-1418.79,2.028100014,108.4840012
-1419.52,2.178200007,95.11699677
-1420.29,2.304699898,83.86209869
-1421.02,2.251399994,88.604599
-1421.8,2.115499973,100.7005005
-1422.8,2.076699972,104.1518021
-1423.83,2.155200005,97.16699982
-1424.91,2.109299898,101.254303
-1426.1,1.967900038,113.8386993
-1427.05,2.049599886,106.5643997
-1428.19,2.09649992,102.3890991
-1429.56,2.226799965,90.79119873
-1430.84,2.307699919,83.59220123
-1432.04,2.283699989,85.72810364
-1433.28,2.266900063,87.22319794
-1434.59,2.279099941,86.14040375
-1435.93,2.291500092,85.0326004
-1437.22,2.253799915,88.39230347
-1438.54,2.213999987,91.93199921
-1439.95,2.192500114,93.84580231
-1441.3,2.15170002,97.47899628
-1442.63,2.193500042,93.7582016
-1444.06,2.059999943,105.6445999
-1445.66,1.963799954,114.2082977
-1447.27,1.997099996,111.2372971
-1448.89,2.020299912,109.1753006
-1450.5,1.907099962,119.2507019
-1452.11,1.886800051,121.0625
-1453.73,1.866999984,122.8247986
-1455.38,2.073999882,104.3908997
-1456.98,2.104300022,101.697197
-1458.49,2.063999891,105.2884979
-1459.85,1.94630003,115.7591019
-1461.32,1.975900054,113.1248016
-1462.73,2.040400028,107.387001
-1463.68,1.929800034,117.2340012
-1464.63,2.127300024,99.65090179
-1465.64,2.288599968,85.29579926
-1466.66,2.239200115,89.68959808
-1467.35,2.160599947,96.68569946
-1467.54,2.18930006,94.1339035
-1467.72,2.102799892,101.8295975
-1467.92,2.141900063,98.35030365
-1468.18,2.174599886,95.43890381
-1468.43,2.173700094,95.51730347
-1468.64,2.126199961,99.7492981
-1468.92,2.128200054,99.56690216
-1469.08,2.143599987,98.1989975
-1469.15,2.120699883,100.2363968
-1469.24,2.132400036,99.2009964
-1469.39,2.115700007,100.6869965
-1469.51,2.157399893,96.97579956
-1469.69,2.04460001,107.0161972
-1469.84,1.988999963,111.960701
-1469.97,1.802000046,128.6072998
-1470.11,1.975200057,113.1945038
-1470.27,1.944000006,115.9690018
-1470.43,1.825999975,126.4741974
-1470.58,1.870000005,122.5549011
-1470.74,2.09739995,102.3113022
-1470.87,2.002899885,110.7226028
-1470.96,1.993399978,111.5725021
-1471.03,2.022399902,108.9848023
-1471.16,1.99969995,111.0109024
-1471.32,2.024199963,108.8312988
-1471.6,2.001899958,110.8099976
-1471.77,1.941699982,116.1725006
-1471.96,1.887500048,120.9993973
-1472.23,1.896199942,120.2256012
-1472.46,1.888599992,120.9018021
-1472.56,1.883000016,121.4000015
-1472.72,1.89230001,120.5701981
-1472.88,1.864599943,123.0383987
-1473.03,1.729400039,135.0666962
-1473.19,1.745000005,133.6828003
-1473.33,1.784100056,130.1985016
-1473.49,1.738700032,134.2415009
-1473.69,1.643399954,142.7297974
-1473.91,1.64380002,142.6938019
-1474.13,2.149699926,97.65789795
-1474.35,1.935099959,116.7574005
-1474.74,1.881399989,121.5410004
-1475.28,1.739099979,134.2098999
-1475.85,1.657099962,141.5097961
-1476.49,1.653499961,141.8298035
-1477.13,1.697299957,137.9315033
-1477.74,1.705000043,137.2462006
-1478.37,1.71389997,136.451294
-1479.07,1.673400044,140.0581055
-1479.76,1.651800036,141.9743958
-1480.16,1.667700052,140.5626984
-1480.68,1.665400028,140.7713013
-1481.26,1.675199986,139.8916016
-1481.96,1.668599963,140.486496
-1482.71,2.039599896,107.4583969
-1483.46,2.209700108,92.31729889
-1484.19,1.917899966,118.293602
-1484.91,1.801900029,128.6154938
-1485.62,1.761000037,132.2575073
-1486.36,1.780500054,130.5214996
-1487.12,1.708999991,136.8856049
-1487.86,1.753999949,132.8825989
-1488.61,1.766000032,131.8166046
-1489.39,1.826699972,126.4123001
-1490.19,1.769099951,131.5357971
-1490.77,1.754400015,132.8462982
-1491.25,1.771600008,131.3182068
-1491.89,1.861199975,123.3416977
-1492.61,1.740800023,134.0527954
-1493.35,1.913900018,118.6501999
-1494.08,1.99969995,111.0112
-1494.85,1.883100033,121.3917999
-1495.6,1.868800044,122.6640015
-1496.33,1.730499983,134.9689026
-1497.04,1.742300034,133.9225006
-1497.77,1.909199953,119.0618973
-1498.52,2.008699894,110.2082977
-1499.38,1.805099964,128.330307
-1500.62,1.789899945,129.6822052
-1501.92,2.300499916,84.22899628
-1503.13,2.332900047,81.34459686
-1504.29,2.333800077,81.26519775
-1505.52,2.323600054,82.18000031
-1506.75,2.340500116,80.67590332
-1507.89,2.363899946,78.58950043
-1508.94,2.380000114,77.15380096
-1509.89,2.380800009,77.08049774
-1510.78,2.359600067,78.97429657
-1511.79,2.191400051,93.94539642
-1512.81,2.275899887,86.42310333
-1513.53,2.233099937,90.2303009
-1514.23,2.245800018,89.0986023
-1514.93,2.375699997,77.53749847
-1515.64,2.40350008,75.06839752
-1516.34,2.440099955,71.81030273
-1517.02,2.308900118,83.48459625
-1517.69,2.186100006,94.41819763
-1518.37,2.203900099,92.8321991
-1519.05,2.036600113,107.7240982
-1519.84,2.076400042,104.1819992
-1520.57,2.183399916,94.66100311
-1521.33,2.105600119,101.5804977
-1522.09,1.931699991,117.0621033
-1522.76,1.838400006,125.3700028
-1523.42,1.877099991,121.9225006
-1524.06,1.792299986,129.4712067
-1524.76,2.115200043,100.7270966
-1525.52,2.282700062,85.8164978
-1526.28,2.305900097,83.75140381
-1527.16,2.18840003,94.21150208
-1528.04,2.039599896,107.4561997
-1528.86,2.169800043,95.86730194
-1529.72,2.083600044,103.543602
-1530.69,2.255199909,88.26809692
-1531.71,2.256700039,88.13459778
-1532.7,2.3118999,83.21669769
-1533.75,2.178100109,95.13150024
-1534.61,2.136600018,98.82689667
-1535.37,2.144200087,98.14299774
-1536.12,2.258399963,87.9776001
-1536.93,2.180500031,94.917099
-1537.83,2.272799969,86.70120239
-1538.66,2.226000071,90.86810303
-1539.54,2.116699934,100.5986023
-1540.31,1.996299982,111.3093033
-1541.09,2.107399941,101.4207993
-1542.02,1.916000009,118.4632034
-1543.25,1.908100009,119.1632996
-1544.5,2.197400093,93.40820313
-1545.74,2.213900089,91.94309998
-1546.92,2.052900076,106.2754974
-1548.11,2.266700029,87.24210358
-1548.95,2.362699986,78.69950104
-1549.75,2.390799999,76.19550324
-1550.6,2.194200039,93.69819641
-1551.52,2.078900099,103.959198
-1552.38,2.269399881,87.00039673
-1553.35,2.4223001,73.38870239
-1554.33,2.375,77.6038971
-1555.13,2.336600065,81.01709747
-1555.93,2.287499905,85.38770294
-1556.82,2.387799978,76.46289825
-1557.58,2.416399956,73.91459656
-1558.29,2.371500015,77.91169739
-1558.98,2.359899998,78.94660187
-1559.79,2.469300032,69.20279694
-1560.67,2.473999977,68.79019928
-1561.43,2.358999968,79.0266037
-1562.1,2.206099987,92.63500214
-1562.8,2.221800089,91.24069977
-1563.39,2.261100054,87.74240112
-1564,2.285399914,85.57479858
-1564.55,2.278599978,86.18109894
-1565.09,2.214299917,91.90619659
-1565.65,2.223799944,91.06269836
-1566.22,2.136899948,98.79589844
-1566.72,2.226900101,90.78099823
-1567.22,2.172800064,95.59649658
-1567.79,2.124300003,99.91619873
-1568.45,2.101900101,101.9120026
-1569.09,2.142100096,98.33589935
-1569.72,2.050400019,106.4946976
-1570.33,2.113399983,100.8904038
-1570.95,2.277699947,86.26239777
-1571.6,2.142499924,98.29350281
-1572.25,2.118599892,100.4209976
-1572.94,2.216599941,91.69909668
-1573.59,2.361700058,78.78829956
-1574.27,2.4368999,72.0943985
-1574.97,2.567100048,60.50159836
-1575.69,2.469500065,69.18470001
-1576.39,2.485800028,67.7397995
-1577.13,2.4454,71.33840179
-1577.85,2.49819994,66.63749695
-1578.46,2.445800066,71.29989624
-1579.16,2.271600008,86.80290222
-1579.86,2.13319993,99.12329865
-1580.52,2.130199909,99.39219666
-1581.08,2.092700005,102.729599
-1581.6,2.011499882,109.9585037
-1581.83,1.990700007,111.8144989
-1582.1,2.129800081,99.42620087
-1582.36,2.236299992,89.95179749
-1582.64,2.193799973,93.72979736
-1582.9,2.185499907,94.46990204
-1583.18,2.067399979,104.9806976
-1583.57,1.99090004,111.7934036
-1584.04,1.981299996,112.6433029
-1584.51,1.99969995,111.0095978
-1585,2.050600052,106.4782028
-1585.54,2.096899986,102.3571014
-1586.09,2.082900047,103.6051025
-1586.56,2.075400114,104.2668991
-1586.96,2.071099997,104.6514969
-1587.39,2.092499971,102.7481995
-1587.83,2.102999926,101.8179016
-1588.34,2.105099917,101.6247025
-1588.89,2.088000059,103.1458969
-1589.44,2.08739996,103.2068024
-1589.99,2.11619997,100.6428986
-1590.5,2.19569993,93.55999756
-1590.93,2.229099989,90.58480072
-1591.26,2.272799969,86.70050049
-1591.62,2.303900003,83.93309784
-1592.01,2.337800026,80.91030121
-1592.29,2.236900091,89.89129639
-1592.55,2.185499907,94.47380066
-1592.82,2.282000065,85.87860107
-1593.1,2.36680007,78.32800293
-1593.37,2.309600115,83.42279816
-1593.63,2.445300102,71.34059906
-1593.84,2.489900112,67.37519836
-1594.04,2.3743999,77.65080261
-1594.21,2.340699911,80.65200043
-1594.36,2.377799988,77.35189819
-1594.49,2.300499916,84.2288971
-1594.68,2.320100069,82.48419952
-1594.89,2.372800112,77.80139923
-1595.06,2.3901999,76.24700165
-1595.17,2.442399979,71.60040283
-1595.32,2.364099979,78.56929779
-1595.4,2.355700016,79.31719971
-1595.43,2.331099987,81.51170349
-1595.53,2.300600052,84.22460175
-1595.66,2.263099909,87.56330109
-1595.77,2.254600048,88.31819916
-1595.92,2.257600069,88.05419922
-1596.1,2.255199909,88.26619721
-1596.65,2.319600105,82.53309631
-1597.2,2.382400036,76.94680023
-1597.72,2.298899889,84.37390137
-1598.28,2.254300118,88.34680176
-1598.85,2.255899906,88.20010376
-1599.43,2.254600048,88.32150269
-1600.03,2.286200047,85.50170136
-1600.65,2.332499981,81.38110352
-1601.28,2.401200056,75.270401
-1601.9,2.397900105,75.55840302
-1602.53,2.24090004,89.54229736
-1603.12,2.312999964,83.12069702
-1603.67,2.401200056,75.26950073
-1604.27,2.293800116,84.82550049
-1604.9,2.214099884,91.92620087
-1605.53,2.216099978,91.74269867
-1606.15,2.226000071,90.86489868
-1606.76,2.217400074,91.62590027
-1607.35,2.191499949,93.93699646
-1607.89,2.204999924,92.73699951
-1608.43,2.247100115,88.98339844
-1609.07,2.250699997,88.66660309
-1609.66,2.298700094,84.3891983
-1610.2,2.3677001,78.24960327
-1610.8,2.403899908,75.02690125
-1611.27,2.379100084,77.23549652
-1611.44,2.267800093,87.14440155
-1611.59,2.222899914,91.14360046
-1611.75,2.253099918,88.45330048
-1611.93,2.27579999,86.42900085
-1612.09,2.241100073,89.5184021
-1612.24,2.257499933,88.06040192
-1612.38,2.310600042,83.33820343
-1612.49,2.220900059,91.32189941
-1612.56,2.232399941,90.29250336
-1612.61,2.13319993,99.12169647
-1612.68,2.262099981,87.65460205
-1612.81,2.253499985,88.41400147
-1612.96,2.174299955,95.47049713
-1613.1,2.221299887,91.28220367
-1613.23,2.287199974,85.4151001
-1613.37,2.333800077,81.26959992
-1613.51,2.359200001,79.00800324
-1613.62,2.294800043,84.73829651
-1613.77,2.192800045,93.82009888
-1613.92,2.135999918,98.87930298
-1614.13,2.045399904,106.9385986
-1614.27,2.144099951,98.15299988
-1614.41,2.154500008,97.23339844
-1614.59,2.171499968,95.72000122
-1614.75,2.154599905,97.21679688
-1614.87,2.203399897,92.87380219
-1614.96,2.319000006,82.58920288
-1615.04,2.403599978,75.05799866
-1615.15,2.334100008,81.24019623
-1615.33,2.226799965,90.78949738
-1615.72,2.198899984,93.28019714
-1616.3,2.272900105,86.68830109
-1616.83,2.274399996,86.55729675
-1617.36,2.145299912,98.04540253
-1617.97,2.132999897,99.14299774
-1618.6,2.153599978,97.31089783
-1619.27,2.208199978,92.45290375
-1619.87,2.197700024,93.38179779
-1620.36,2.219700098,91.42549896
-1620.9,2.265899897,87.31520081
-1621.49,2.326400042,81.9280014
-1622.1,2.292200089,84.96880341
-1622.67,2.309900045,83.39489746
-1623.24,2.234699965,90.09200287
-1623.88,2.339299917,80.77600098
-1624.54,2.478199959,68.41549683
-1625.17,2.54279995,62.66680145
-1625.78,2.51760006,64.9068985
-1626.39,2.348799944,79.93489838
-1626.99,2.17750001,95.18530273
-1627.57,2.226200104,90.84819794
-1628.1,2.378999949,77.24120331
-1628.66,2.466099978,69.49449921
-1629.21,2.298799992,84.38200378
-1629.8,2.27579999,86.43530273
-1630.33,2.252799988,88.47840118
-1630.78,2.18930006,94.13359833
-1631.19,2.214999914,91.84670258
-1631.62,2.257600069,88.05490112
-1632.14,2.227499962,90.7276001
-1632.77,2.143199921,98.23609924
-1633.09,2.239500046,89.66339874
-1633.27,2.313699961,83.06079865
-1633.41,2.230000019,90.51260376
-1633.65,2.194900036,93.63729858
-1633.89,2.17840004,95.10430145
-1634.16,2.283699989,85.73239899
-1634.46,2.32069993,82.43530273
-1634.74,2.273400068,86.64089966
-1635,2.104300022,101.7008972
-1635.28,2.156800032,97.02200317
-1635.6,2.329099894,81.68409729
-1635.87,2.286999941,85.43609619
-1636.13,2.340500116,80.66870117
-1636.73,2.454299927,70.5381012
-1637.38,2.55430007,61.63940048
-1638.02,2.364799976,78.51210022
-1638.67,2.270999908,86.85610199
-1639.33,2.344799995,80.29000092
-1640.02,2.47510004,68.68920136
-1640.86,2.360599995,78.88469696
-1641.68,2.413800001,74.15049744
-1642.4,2.381799936,76.99269867
-1643.14,2.348400116,79.96829987
-1643.86,2.429199934,72.77300263
-1644.5,2.285900116,85.53009796
-1645.09,2.269999981,86.95030212
-1645.79,2.298899889,84.37149811
-1646.54,2.498699904,66.59279633
-1647.25,2.54460001,62.5060997
-1647.89,2.509999991,65.58409882
-1648.59,2.495899916,66.84300232
-1649.26,2.523099899,64.41889954
-1649.98,2.452199936,70.72669983
-1650.75,2.47939992,68.30879974
-1651.47,2.484600067,67.84100342
-1652.28,2.342700005,80.48040009
-1653.09,2.302999973,84.00920105
-1653.89,2.324599981,82.08869934
-1654.57,2.131299973,99.29669952
-1655.22,2.50880003,65.69059753
-1655.9,2.356899977,79.20970154
-1656.58,2.347300053,80.06500244
-1657.25,2.474900007,68.70580292
-1657.96,2.410700083,74.4233017
-1658.65,2.497999907,66.65119934
-1659.34,2.50819993,65.74160004
-1660.11,2.413800001,74.14720154
-1660.91,2.252399921,88.51899719
-1661.69,2.207099915,92.5428009
-1662.58,2.209399939,92.34349823
-1663.26,2.275899887,86.42500305
-1664.02,2.460599899,69.9803009
-1664.79,2.558300018,61.28300095
-1665.49,2.369100094,78.12940216
-1666.22,2.40109992,75.27799988
-1666.9,2.487600088,67.57649994
-1667.58,2.466300011,69.47000122
-1668.31,2.489700079,67.39399719
-1669.13,2.373800039,77.70880127
-1669.98,2.313199997,83.09819794
-1670.83,2.347199917,80.07790375
-1671.64,2.295300007,84.69930267
-1672.35,2.397099972,75.6371994
-1672.99,2.434000015,72.35230255
-1673.91,2.577899933,59.53889847
-1674.89,2.597500086,57.79610062
-1675.82,2.565500021,60.64440155
-1676.76,2.374700069,77.62400055
-1677.68,2.347199917,80.07420349
-1678.68,2.4296,72.74520111
-1679.71,2.414799929,74.061203
-1680.72,2.355700016,79.31890106
-1681.76,2.354899883,79.3946991
-1682.74,2.312000036,83.20960236
-1683.7,2.385900021,76.63020325
-1684.57,2.457900047,70.22049713
-1685.44,2.459899902,70.04260254
-1686.32,2.308500052,83.52279663
-1687.31,2.41260004,74.25309753
-1688.31,2.4848001,67.82379913
-1689.22,2.518699884,64.8105011
-1690.14,2.53489995,63.36840057
-1690.84,2.601700068,57.41880035
-1691.46,2.638099909,54.17720032
-1692.11,2.614799976,56.25630188
-1692.72,2.588999987,58.5522995
-1693.29,2.642100096,53.8205986
-1693.85,2.701299906,48.55799866
-1694.51,2.704699993,48.25400162
-1695.1,2.713399887,47.47710037
-1695.65,2.701299906,48.55149841
-1696.18,2.607199907,56.92869949
-1696.7,2.375400066,77.56520081
-1697.18,2.480600119,68.20320129
-1697.64,2.522799969,64.44850159
-1698.11,2.615999937,56.15169907
-1698.6,2.452899933,70.66619873
-1699.06,2.359299898,79.00119782
-1699.49,2.444400072,71.42739868
-1699.91,2.528000116,63.97890091
-1700.32,2.555299997,61.55139923
-1700.75,2.537400007,63.14360046
-1701.23,2.573800087,59.9015007
-1701.84,2.656899929,52.50419998
-1702.28,2.660300016,52.20299912
-1702.69,2.614300013,56.29710007
-1703.04,2.639100075,54.08890152
-1703.49,2.691900015,49.3871994
-1704,2.630100012,54.89490128
-1704.45,2.6177001,55.9992981
-1704.86,2.696399927,48.99359894
-1705.25,2.670399904,51.30630112
-1705.65,2.660300016,52.20389938
-1706.03,2.680799961,50.37540054
-1706.36,2.695800066,49.04639816
-1706.69,2.668200016,51.50009918
-1707.04,2.652400017,52.91059876
-1707.38,2.491300106,67.24960327
-1707.7,2.576100111,59.69889832
-1708.04,2.59710002,57.83369827
-1708.4,2.530499935,63.7594986
-1708.7,2.475800037,68.6242981
-1709.03,2.607000113,56.94749832
-1709.36,2.601599932,57.43379974
-1709.67,2.570499897,60.19660187
-1709.98,2.545900106,62.39020157
-1710.3,2.499300003,66.53849793
-1710.64,2.529099941,63.88330078
-1711.07,2.635400057,54.42139816
-1711.44,2.634599924,54.4939003
-1711.81,2.65350008,52.80770111
-1712.22,2.757600069,43.54130173
-1712.65,2.692399979,49.34830093
-1713.01,2.644999981,53.56650162
-1713.37,2.664900065,51.79230118
-1713.7,2.619299889,55.85850143
-1714.05,2.541399956,62.78639984
-1714.41,2.495500088,66.87400055
-1714.77,2.556699991,61.42549896
-1715.06,2.504400015,66.08000183
-1715.35,2.416300058,73.92189789
-1715.62,2.52940011,63.85739899
-1715.84,2.655200005,52.65620041
-1716.1,2.657399893,52.46210098
-1716.38,2.648200035,53.2859993
-1716.66,2.663399935,51.92750168
-1716.95,2.679100037,50.52690125
-1717.3,2.76609993,42.78689957
-1717.67,2.597300053,57.81389999
-1718.01,2.6256001,55.29439926
-1718.37,2.671600103,51.20019913
-1718.79,2.773000002,42.17399979
-1719.14,2.678800106,50.55849838
-1719.42,2.604300022,57.1935997
-1719.7,2.634900093,54.46340179
-1719.98,2.557600021,61.34360123
-1720.25,2.571099997,60.14070129
-1720.51,2.653700113,52.79629898
-1720.73,2.641299963,53.89250183
-1721.04,2.53399992,63.4496994
-1721.34,2.606899977,56.9571991
-1721.6,2.627500057,55.12060165
-1721.81,2.693799973,49.2242012
-1722.08,2.711999893,47.60329819
-1722.38,2.708199978,47.94250107
-1722.67,2.65899992,52.32020187
-1723.01,2.637799978,54.20489883
-1723.34,2.69659996,48.9756012
-1723.62,2.601500034,57.43999863
-1723.9,2.671900034,51.17499924
-1724.25,2.727900028,46.18420029
-1724.56,2.673599958,51.02099991
-1724.85,2.682899952,50.18980026
-1725.11,2.697299957,48.91270065
-1725.36,2.597899914,57.75669861
-1725.87,2.568300009,60.39749908
-1726.42,2.621999979,55.61759949
-1726.99,2.551500082,61.89390183
-1727.53,2.563600063,60.81510162
-1728.11,2.647799969,53.31629944
-1728.66,2.459599972,70.07099915
-1729.18,2.300400019,84.23999786
-1729.73,2.456199884,70.36969757
-1730.27,2.533600092,63.48479843
-1730.8,2.604700089,57.15309906
-1731.39,2.494100094,67.00270081
-1732,2.574300051,59.86270142
-1732.58,2.5631001,60.85680008
-1733.2,2.400500059,75.32969666
-1733.81,2.540199995,62.89440155
-1734.37,2.559099913,61.21070099
-1735.04,2.594000101,58.1053009
-1735.81,2.539299965,62.97949982
-1736.48,2.549000025,62.10889816
-1737.11,2.60010004,57.5603981
-1737.7,2.549200058,62.09420013
-1738.35,2.51850009,64.83029938
-1738.96,2.54369998,62.5870018
-1739.57,2.515899897,65.0565033
-1740.28,2.493200064,67.07530212
-1740.9,2.274800062,86.52459717
-1741.52,2.50270009,66.2358017
-1742.11,2.355999947,79.29689789
-1742.73,2.10010004,102.0698013
-1743.35,2.124500036,99.90180206
-1743.94,2.34920001,79.8934021
-1744.56,2.447099924,71.18199921
-1745.2,2.312999964,83.11650085
-1745.83,2.262700081,87.59780121
-1746.46,2.431400061,72.5848999
-1747.11,2.420399904,73.55609894
-1747.68,2.447400093,71.1548996
-1748.11,2.417500019,73.81420136
-1748.62,2.331099987,81.50900269
-1749.28,2.420399904,73.55840302
-1749.93,2.4447999,71.38790131
-1750.44,2.510299921,65.55560303
-1750.91,2.603800058,57.23180008
-1751.44,2.592400074,58.25009918
-1752.01,2.618900061,55.89170075
-1752.48,2.539700031,62.94129944
-1752.95,2.418200016,73.75340271
-1753.41,2.318900108,82.59880066
-1753.92,2.370699883,77.98480225
-1754.48,2.560199976,61.11119843
-1754.99,2.439800024,71.8321991
-1755.49,2.103800058,101.7427979
-1755.95,2.363800049,78.60160065
-1756.35,2.540100098,62.90879822
-1756.76,2.382999897,76.88659668
-1757.16,2.508500099,65.71369934
-1757.6,2.612600088,56.45429993
-1758.11,2.612799883,56.43379974
-1758.67,2.475500107,68.65740204
-1759.11,2.531599999,63.66350174
-1759.42,2.547699928,62.22900009
-1759.8,2.497100115,66.7358017
-1760.38,2.53579998,63.28509903
-1760.81,2.485100031,67.79679871
-1761.13,2.450500011,70.87640381
-1761.55,2.413599968,74.16649628
-1761.89,2.368099928,78.21160126
-1762.18,2.478199959,68.41670227
-1762.46,2.475600004,68.64929962
-1762.82,2.544699907,62.49269867
-1763.15,2.485599995,67.7582016
-1763.47,2.507400036,65.81700134
-1763.82,2.550400019,61.98889923
-1764.15,2.615999937,56.14749908
-1764.5,2.504300118,66.08850098
-1764.88,2.397200108,75.62439728
-1765.28,2.487099886,67.61789703
-1765.7,2.468199968,69.30770111
-1766.06,2.549200058,62.09740067
-1766.43,2.474299908,68.75939941
-1766.75,2.29460001,84.76239777
-1767.1,2.139499903,98.56639862
-1767.45,2.276900053,86.33260346
-1767.77,2.364000082,78.58080292
-1768.05,2.317600012,82.70929718
-1768.39,2.328999996,81.70010376
-1768.8,2.238899946,89.71720123
-1769.16,2.275700092,86.43730164
-1769.52,2.176599979,95.25959778
-1769.84,2.293200016,84.88349915
-1770.2,2.362499952,78.71489716
-1770.67,2.237999916,89.79979706
-1771.23,2.35529995,79.35540009
-1771.71,2.409699917,74.51200104
-1772.13,2.446899891,71.20459747
-1772.57,2.517999888,64.8707962
-1773.01,2.485500097,67.76470184
-1773.51,2.432499886,72.48449707
-1773.98,2.240700007,89.55670166
-1774.51,2.474699974,68.72859955
-1774.97,2.280200005,86.03669739
-1775.39,2.177299976,95.20230103
-1775.88,2.040600061,107.3644028
-1776.3,2.176700115,95.25530243
-1776.69,2.334599972,81.19889832
-1777.07,2.289400101,85.22309876
-1777.39,2.442699909,71.5766983
-1777.74,2.315099955,82.93309784
-1778.12,2.128799915,99.51619721
-1778.61,2.426500082,73.02120209
-1778.97,2.393599987,75.94190216
-1779.44,2.371400118,77.9213028
-1779.96,2.228600025,90.63289642
-1780.57,2.308300018,83.53450012
-1781.1,2,110.9812012
-1781.54,1.843899965,124.8811035
-1782,1.957999945,114.7186966
-1782.37,2.408699989,74.5970993
-1782.82,2.513400078,65.27950287
-1783.36,2.378400087,77.29470062
-1783.67,2.396300077,75.70079804
-1784.02,2.439699888,71.84539795
-1784.67,2.366899967,78.32299805
-1785.41,2.381700039,77.00409699
-1786.1,2.282500029,85.83630371
-1786.97,2.27609992,86.40399933
-1787.94,2.381900072,76.98609924
-1788.83,2.600199938,57.55400085
-1789.47,2.538899899,63.01210022
-1790.04,2.352099896,79.63960266
-1790.69,2.244600058,89.20939636
-1791.34,2.369400024,78.09819794
-1791.95,2.437200069,72.06479645
-1792.61,2.507999897,65.75759888
-1793.26,2.421299934,73.47579956
-1793.97,2.406199932,74.82289887
-1794.68,2.345499992,80.2315979
-1795.33,2.332000017,81.43219757
-1795.85,2.2421,89.43409729
-1796.41,2.414200068,74.10780335
-1797.08,2.336299896,81.04869843
-1797.81,2.400099993,75.36689758
-1798.46,2.422399998,73.38549805
-1799.08,2.51760006,64.91149902
-1799.66,2.444099903,71.4539032
-1800.28,2.333400011,81.3003006
-1800.92,2.30979991,83.40350342
-1801.59,2.276200056,86.39399719
-1802.27,2.357899904,79.11910248
-1803,2.332999945,81.34079742
-1803.63,2.524800062,64.26820374
-1804.31,2.452199936,70.72850037
-1805.12,2.504499912,66.07319641
-1805.97,2.630100012,54.89009857
-1806.75,2.666399956,51.66070175
-1807.53,2.672899962,51.08150101
-1808.37,2.653399944,52.82249832
-1809.22,2.685499907,49.96060181
-1810.09,2.667099953,51.59999847
-1810.92,2.675800085,50.8288002
-1811.75,2.686000109,49.91490173
-1812.48,2.724900007,46.45140076
-1813.25,2.713700056,47.4516983
-1813.98,2.759799957,43.34960175
-1814.65,2.788300037,40.81280136
-1815.29,2.711800098,47.62020111
-1815.93,2.752399921,44.00669861
-1816.58,2.712300062,47.57360077
-1817.21,2.635400057,54.4192009
-1817.85,2.650000095,53.12450028
-1818.49,2.636399984,54.33560181
-1819.12,2.663700104,51.8993988
-1819.73,2.595499992,57.97679901
-1820.35,2.602400065,57.36259842
-1820.94,2.561000109,61.0481987
-1821.51,2.524199963,64.32050324
-1822.12,2.535599947,63.30879974
-1822.72,2.660200119,52.21269989
-1823.33,2.724900007,46.45000076
-1823.99,2.682899952,50.1935997
-1824.58,2.700099945,48.66270065
-1824.97,2.732300043,45.79510117
-1825.35,2.663000107,51.9618988
-1825.77,2.673199892,51.05879974
-1826.19,2.63199997,54.72499847
-1826.63,2.685400009,49.97000122
-1827.09,2.719700098,46.92020035
-1827.54,2.725199938,46.42890167
-1827.93,2.709100008,47.86119843
-1828.27,2.672899962,51.08359909
-1828.64,2.613800049,56.34159851
-1829,2.697599888,48.88729858
-1829.34,2.702800036,48.41690064
-1829.72,2.683300018,50.15409851
-1830.09,2.782700062,41.31000137
-1830.49,2.794100046,40.29019928
-1830.86,2.763299942,43.03760147
-1831.2,2.753400087,43.91939926
-1831.55,2.716700077,47.18600082
-1831.9,2.727099896,46.25899887
-1832.28,2.737799883,45.31000137
-1832.68,2.680399895,50.4151001
-1833.04,2.703900099,48.32350159
-1833.4,2.684999943,50.00439835
-1833.77,2.715899944,47.25149918
-1834.08,2.737900019,45.29600143
-1834.38,2.728199959,46.16389847
-1834.71,2.71359992,47.46340179
-1835.03,2.671099901,51.24330139
-1835.38,2.661000013,52.14110184
-1835.73,2.713999987,47.42010117
-1836.06,2.715600014,47.28409958
-1836.43,2.706199884,48.11999893
-1836.79,2.631799936,54.74369812
-1837.16,2.408699989,74.60269928
-1837.51,2.382200003,76.9611969
-1837.84,2.408699989,74.59970093
-1838.18,2.533400059,63.50379944
-1838.53,2.435600042,72.31099701
